date,open,high,low,close,volume,rzye,rqyl,rzrqye,ema,diff1,dea,macd
2017-01-03,27.34,27.6,27.32,27.58,24854.19,656444165,0,656444165.0,656444165.0,,,
2017-01-04,27.64,27.96,27.5,27.9,32311.09,643497150,0,643497150.0,655485126.8518518,,,
2017-01-05,27.95,28.38,27.69,28.22,37600.25,647230194,0,647230194.0,654873650.3443072,,,
2017-01-06,28.21,28.6,27.98,28.4,34812.66,633065097,0,633065097.0,653258201.9484327,,,
2017-01-09,28.35,28.35,28.0,28.2,26784.38,631083310,0,631083310.0,651615617.3596598,,,
2017-01-10,28.2,28.2,27.92,27.98,16259.75,627090566,17000,627566226.0,649834180.9626479,,,
2017-01-11,28.01,28.16,27.48,27.5,23259.14,631892429,11000,632194929.0,648527569.7061555,,,
2017-01-12,27.78,28.43,27.7,27.97,52810.46,638643405,10000,638923105.0,647816127.8760699,,,
2017-01-13,27.9,28.15,27.3,27.33,31029.31,635992835,17500,636471110.0,646975756.1815462,,,
2017-01-16,27.4,27.56,25.2,26.72,47991.61,604352816,10500,604633376.0,643839283.5755057,,,
2017-01-17,26.5,26.73,25.91,26.6,29602.79,603627886,6955,603812889.0,640874365.4588015,,,
2017-01-18,26.42,26.72,26.42,26.61,17588.64,615345696,6855,615528107.55,638996864.8729644,,,
2017-01-19,26.62,27.13,26.6,26.79,33333.58,595709335,10355,595986745.45,635810930.1008929,,,
2017-01-20,26.6,26.95,26.58,26.92,23425.27,600690822,55,600692302.6,633209550.2860119,,,
2017-01-23,26.75,27.27,26.75,27.14,17446.54,595510553,55,595512045.7,630417142.5388999,,,
2017-01-24,27.1,27.12,26.76,26.8,13037.73,594105563,55,594107037.0,627727505.091574,,,
2017-01-25,26.8,26.97,26.51,26.94,15282.87,595379174,55,595380655.7,625331442.1736796,,,
2017-01-26,26.92,27.15,26.92,27.09,12919.11,591965462,55,591966951.95,622859998.453407,,,
2017-02-03,26.96,27.17,26.73,26.83,9736.34,589413000,355,589422524.65,620383148.5420436,,,
2017-02-06,27.01,27.3,26.82,27.29,31463.83,589230530,55,589232030.95,618075658.3500403,,,
2017-02-07,27.16,27.39,27.05,27.3,21587.17,588378867,255,588385828.5,615876411.6944817,,,
2017-02-08,27.29,27.4,27.09,27.36,17351.39,589236835,1455,589276643.8,613906058.5171127,,,
2017-02-09,27.36,27.65,27.28,27.64,25760.14,585914054,555,585929394.2,611833713.0121413,,,
2017-02-10,27.48,27.65,27.41,27.51,15738.93,582745890,55,582747403.05,609679171.5334642,,,
2017-02-13,27.5,27.77,27.43,27.48,21264.1,582710817,55,582712328.4,607681627.597652,,,
2017-02-14,27.41,27.6,27.22,27.34,25925.18,587775431,0,587775431.0,606207094.5163444,,,
2017-02-15,27.55,28.45,27.43,28.28,100749.69,591820265,4500,591947525.0,605150830.1077263,,,
2017-02-16,28.38,28.75,27.99,28.16,71793.07,600202042,11800,600534330.0,604808867.1367837,,,
2017-02-17,28.15,28.2,27.7,27.85,43585.38,611746565,8100,611972150.0,605339480.6822072,,,
2017-02-20,27.68,28.11,27.67,28.07,39942.78,624272520,0,624272520.0,606741928.0390807,,,
2017-02-21,28.16,28.34,27.96,28.29,36776.33,625495405,0,625495405.0,608131074.4806303,,,
2017-02-22,28.27,28.27,28.03,28.13,22918.21,624907632,3900,625017339.0,609381908.8894725,,,
2017-02-23,28.11,28.16,27.75,27.91,24025.74,627155392,4800,627289360.0,610708386.7495116,,,
2017-02-24,27.9,28.07,27.81,28.06,19158.16,624619148,4800,624753836.0,611748790.3976959,,,
2017-02-27,28.08,28.17,27.79,27.8,17599.43,615506505,4800,615639945.0,612037024.0719407,,,
2017-02-28,27.8,27.98,27.75,27.97,14699.34,618576716,100,618579513.0,612521652.8814266,,,
2017-03-01,27.97,28.13,27.83,28.11,23765.48,616789117,0,616789117.0,612837761.3346542,,,
2017-03-02,28.19,28.56,28.1,28.15,66040.21,612990459,0,612990459.0,612849072.272828,,,
2017-03-03,28.0,28.09,27.65,28.04,23982.4,617434664,200,617440272.0,613189161.1415074,,,
2017-03-06,28.05,28.08,27.86,28.06,31239.33,626718016,200,626723628.0,614191714.2421365,,,
2017-03-07,28.03,28.09,27.6,27.75,46003.13,614753585,200,614759135.0,614233745.4093856,,,
2017-03-08,27.75,27.85,27.49,27.59,27614.08,621867526,17300,622344833.0,614834566.712394,,,
2017-03-09,27.59,27.6,27.08,27.13,28155.43,612146990,17300,612616339.0,614670253.5485129,,,
2017-03-10,27.33,27.33,26.8,26.98,35537.71,617434181,6800,617617645.0,614888578.8412157,,,
2017-03-13,27.1,27.16,26.73,27.08,29620.34,619741072,1400,619778984.0,615250831.0751997,,,
2017-03-14,27.11,27.12,26.9,27.03,22883.1,625472437,1400,625510279.0,616010790.1807405,,,
2017-03-15,27.03,27.44,26.94,27.38,31885.57,628110262,0,628110262.0,616907047.3525375,,,
2017-03-16,27.33,27.5,27.28,27.37,27731.03,631924383,0,631924383.0,618019442.5856829,,,
2017-03-17,27.39,27.44,26.78,26.84,45309.5,613640051,0,613640051.0,617695043.2089655,,,
2017-03-20,26.9,26.98,26.59,26.79,25375.16,617198255,0,617198255.0,617658244.0823755,,,
2017-03-21,26.7,27.14,26.68,27.01,25785.33,622845434,0,622845434.0,618042480.3725699,,,
2017-03-22,26.8,26.95,26.35,26.46,45209.69,623730322,11000,624021382.0,618485361.9746017,,,
2017-03-23,26.52,26.55,25.99,26.29,37803.78,626313908,12400,626639904.0,619089402.1246313,,,
2017-03-24,26.29,26.39,26.04,26.36,26523.1,621167539,12400,621494403.0,619267550.3376216,,,
2017-03-27,26.45,26.48,26.28,26.31,29337.63,616560204,14100,616931175.0,619094485.4977977,,,
2017-03-28,26.29,26.42,26.22,26.31,14279.36,607723332,14100,608094303.0,618279657.1646276,,,
2017-03-29,26.3,26.35,25.96,25.99,24694.06,599778830,1300,599812617.0,616911728.263544,,,
2017-03-30,26.01,26.06,25.42,25.48,32754.28,594563871,17500,595009771.0,615289361.0588369,,,
2017-03-31,25.52,25.86,25.52,25.76,22658.3,591892825,11667,592193366.92,613578546.6781824,,,
2017-04-05,25.78,26.3,25.7,26.21,23238.29,593815319,167,593819696.07,612114928.1146133,,,
2017-04-06,26.22,26.28,25.98,26.04,22685.9,600337196,167,600341544.68,611242825.6379752,,,
2017-04-07,26.05,26.36,26.01,26.25,28688.66,590597902,167,590602285.75,609713896.7573844,,,
2017-04-10,26.29,26.43,26.1,26.34,30129.59,586598713,16767,587040355.78,608034375.2035041,,,
2017-04-11,26.28,26.33,25.96,26.2,28302.15,589745531,167,589749906.4,606679970.1069483,,,
2017-04-12,26.12,26.39,25.93,26.22,31400.12,578401521,167,578405899.74,604585594.5242113,,,
2017-04-13,26.22,26.36,26.12,26.25,18889.24,564210119,167,564214502.75,601595143.2816771,,,
2017-04-14,26.15,26.25,25.91,26.02,23585.62,550109847,2207,550167273.14,597785671.4193307,,,
2017-04-17,25.98,25.98,25.51,25.65,18065.31,555573820,15307,555966444.55,594687950.9104915,,,
2017-04-18,25.65,25.85,25.23,25.35,22721.12,547093316,11807,547392623.45,591184593.3208255,,,
2017-04-19,25.12,25.36,25.0,25.35,21795.46,547297827,5699,547442296.65,587944423.1970606,,,
2017-04-20,25.26,25.54,25.13,25.28,15033.26,544263031,11799,544561309.72,584730859.2357968,,,
2017-04-21,25.18,25.34,24.97,25.09,15371.87,538127240,499,538139759.91,581279666.6931452,,,
2017-04-24,25.09,25.14,24.0,24.28,24481.27,540057792,17399,540480239.72,578257486.9173566,,,
2017-04-25,24.48,24.48,24.11,24.25,13930.28,536874141,2499,536934741.75,575196542.8308858,,,
2017-04-26,24.09,24.26,23.9,24.02,18792.12,540203775,2499,540263800.98,572608932.3234128,,,
2017-04-27,23.97,24.05,23.25,23.58,25791.23,537446847,14999,537800523.42,570030531.6639007,,,
2017-04-28,23.57,23.82,23.32,23.79,13180.4,531796077,699,531812706.21,567199581.6302785,,,
2017-05-02,22.8,22.8,21.41,21.41,84496.04,498227238,699,498242203.59,562091627.7013689,,,
2017-05-03,20.5,20.87,19.87,20.42,99308.9,508587045,699,508601318.58,558129382.5812675,,,
2017-05-04,20.01,20.25,19.94,20.0,43393.18,508033010,699,508046990.0,554419575.7233958,,,
2017-05-05,20.0,20.29,19.81,19.89,36843.67,513506859,699,513520762.11,551390033.9742554,,,
2017-05-08,19.8,20.07,19.79,19.98,31028.82,510686084,699,510700050.02,548375961.088755,,,
2017-05-09,20.02,20.05,19.14,19.42,43877.02,511019322,10645,511226047.9,545624115.6673658,,,
2017-05-10,19.39,19.5,18.86,18.89,37085.48,498441078,10645,498642162.05,542143970.9549683,,,
2017-05-11,18.75,18.75,17.91,18.51,48755.95,489752645,26745,490247694.95,538299802.3620077,,,
2017-05-12,18.48,18.56,18.27,18.38,34378.91,469207364,10645,469403019.1,533196336.9351924,,,
2017-05-15,18.49,18.55,18.31,18.35,15001.02,466562704,10045,466747029.75,528274166.03258556,,,
2017-05-16,18.39,19.07,18.22,19.0,38301.59,464021025,24445,464485480.0,523549078.17831993,,,
2017-05-17,18.96,19.29,18.82,19.01,22966.6,466821692,14845,467103895.45,519367953.5317777,,,
2017-05-18,18.5,18.96,18.5,18.87,17390.78,468869720,2799,468922537.13,515631256.0205349,,,
2017-05-19,18.83,19.21,18.73,18.94,23675.19,477895982,199,477899751.06,512836329.72716194,,,
2017-05-22,18.83,18.93,18.08,18.17,17191.0,477444900,17400,477761058.0,510238161.45107585,,,
2017-05-23,17.98,18.35,17.2,17.3,43401.77,477533793,100,477535523.0,507815743.7880332,,,
2017-05-24,17.19,17.55,16.89,17.49,26167.01,481035970,13700,481275583.0,505849805.9518826,,,
2017-05-25,17.64,18.25,17.5,18.23,30163.68,481898040,3800,481967314.0,504080732.4739654,,,
2017-05-26,18.3,18.3,18.05,18.07,16289.44,468275591,6800,468398467.0,501437601.69811606,,,
2017-05-31,18.25,18.61,18.11,18.26,17432.76,469947469,5400,470046073.0,499112303.2760334,,,
2017-06-01,18.21,18.39,17.41,17.45,20753.29,468563185,12100,468774330.0,496865045.9963272,,,
2017-06-02,17.41,18.12,17.17,18.1,25463.85,463627054,5800,463732034.0,494410748.81141406,,,
2017-06-05,18.2,18.34,17.9,17.99,17435.68,463842986,10100,464024685.0,492159929.2698278,,,
2017-06-06,18.0,18.51,17.88,18.48,20839.71,461940755,15400,462225347.0,489942552.80539614,,,
2017-06-07,18.45,18.71,18.31,18.6,36008.29,469126991,100,469128851.0,488400797.1161075,,,
2017-06-08,18.64,18.75,18.47,18.48,22544.37,462330825,5066,462424444.68,486476622.8615811,,,
2017-06-09,18.46,19.1,18.37,19.07,53024.63,460945129,12266,461179041.62,484602727.9547973,,,
2017-06-12,18.87,18.99,18.52,18.6,25894.57,465138276,15966,465435243.6,483182914.2988865,,,
2017-06-13,18.35,18.72,18.35,18.69,16186.76,464006599,10866,464209684.54,481777489.8723023,,,
2017-06-14,18.6,18.68,18.42,18.65,12121.29,464250238,11066,464456618.9,480494462.3928725,,,
2017-06-15,18.62,18.93,18.6,18.83,23789.13,468848391,11066,469056763.78,479647225.4585857,,,
2017-06-16,18.75,18.91,18.65,18.67,13413.43,468814273,15866,469110491.22,478866726.62609786,,,
2017-06-19,18.67,18.85,18.53,18.81,18054.53,457322353,11666,457541790.46,477287101.72490543,,,
2017-06-20,18.81,18.93,18.72,18.78,18398.73,459024691,11066,459232510.48,475949724.5956531,,,
2017-06-21,18.87,18.94,18.65,18.79,22320.83,461075528,19966,461450689.14,474875721.9693085,,,
2017-06-22,18.79,18.9,18.3,18.32,27824.95,461604616,19466,461961233.12,473919093.165656,,,
2017-06-23,18.21,18.24,17.78,17.91,30365.69,454617065,19977,454974853.07,472515816.1215333,,,
2017-06-26,17.9,18.14,17.8,18.08,19943.8,458205241,8077,458351273.16,471466590.7169753,,,
2017-06-27,18.08,18.18,17.96,18.02,21313.5,457150604,5877,457256507.54,470413991.9631252,,,
2017-06-28,18.01,18.17,17.91,18.07,16955.34,459500328,17377,459814330.39,469628831.84659743,,,
2017-06-29,18.06,18.36,18.05,18.12,20262.48,470918241,77,470919636.24,469724446.9868495,,,
2017-06-30,18.12,18.14,17.96,18.1,13220.7,468222067,77,468223460.7,469613262.81745327,,,
2017-07-03,18.1,18.33,18.04,18.28,16569.75,477631408,77,477632815.56,470207303.7613456,,,
2017-07-04,18.27,18.28,18.01,18.2,12759.02,466975826,77,466977227.4,469968038.8456903,,,
2017-07-05,18.18,18.25,18.06,18.21,14035.67,463590780,77,463592182.17,469495753.16600955,,,
2017-07-06,18.23,18.27,18.1,18.19,13268.7,464232362,587,464243039.53,469106663.26704586,,,
2017-07-07,18.26,20.01,18.24,20.01,111684.94,472170156,587,472181901.87,469334458.7191165,,,
2017-07-10,19.7,20.15,19.52,19.58,76221.41,485663451,10687,485872702.46,470559513.8110338,,,
2017-07-11,19.58,19.59,19.16,19.24,39278.11,485424710,11387,485643795.88,471676868.03836465,,,
2017-07-12,19.33,19.48,19.11,19.43,38815.03,486733883,6087,486852153.41,472800963.25107837,,,
2017-07-13,19.39,19.43,19.05,19.35,42573.2,483848096,11887,484078109.45,473636307.4139614,,,
2017-07-14,18.7,18.7,18.11,18.19,40468.93,483648446,5587,483750073.53,474385475.2744087,,,
2017-07-17,18.2,18.2,16.37,16.41,79156.22,462766597,11887,462961662.67,473539266.93334144,,,
2017-07-18,16.3,16.51,16.02,16.29,34976.75,467857839,5587,467948851.23,473125162.0664273,,,
2017-07-19,16.31,16.71,16.3,16.68,23878.2,468319604,11887,468517879.16,472783881.8511364,,,
2017-07-20,16.68,16.99,16.6,16.72,20284.56,467681484,1819,467711897.68,472408179.3199411,,,
2017-07-21,16.69,16.96,16.49,16.59,23247.31,464500209,619,464510478.21,471823164.4229084,,,
2017-07-24,16.51,16.6,16.32,16.48,29666.21,468129826,16919,468408651.12,471570237.51158184,,,
2017-07-25,16.58,16.8,16.36,16.43,23169.66,469460792,10319,469630333.17,471426540.89368683,,,
2017-07-26,16.45,16.49,16.13,16.26,19163.71,468505807,7219,468623187.94,471218885.11933964,,,
2017-07-27,16.26,16.67,16.2,16.64,25630.63,466512474,7046,466629719.44,470878946.92087007,,,
2017-07-28,16.51,16.67,16.35,16.4,34798.98,475940906,9719,476100297.6,471265713.63784266,,,
2017-07-31,16.44,16.64,16.42,16.5,23467.86,470401925,8019,470534238.5,471211530.2942987,,,
2017-08-01,16.58,17.38,16.51,16.8,39751.43,471515791,5719,471611870.2,471241185.10212845,,,
2017-08-02,16.79,16.8,16.5,16.58,22473.69,461556322,12319,461760571.02,470538917.3923412,,,
2017-08-03,16.56,16.65,16.4,16.52,14530.79,459210155,5219,459296372.88,469706136.317353,,,
2017-08-04,16.65,16.84,16.52,16.7,24892.38,455313451,11190,455500324.0,468653853.92347497,,,
2017-08-07,16.69,16.74,16.53,16.6,22650.0,457919189,3344,457974699.4,467862805.44025457,,,
2017-08-08,16.55,16.6,16.47,16.51,20584.93,457811485,9644,457970707.44,467130057.4402357,,,
2017-08-09,16.54,16.68,16.49,16.54,14268.48,457071568,2644,457115299.76,466388223.537996,,,
2017-08-10,16.52,16.63,16.22,16.27,21687.2,453449747,14844,453691258.88,465447707.6374037,,,
2017-08-11,16.18,16.45,16.16,16.29,15705.97,450192788,2644,450235858.76,464320904.0168553,,,
2017-08-14,16.22,16.5,16.2,16.49,15057.64,452617780,44,452618505.56,463454059.6867179,,,
2017-08-15,16.48,16.55,16.34,16.42,17875.2,452598815,1044,452615957.48,462651237.30103517,,,
2017-08-16,16.45,16.64,16.36,16.58,24907.96,455723191,6744,455835006.52,462146331.3172548,,,
2017-08-17,16.61,17.3,16.59,17.12,56527.75,460120388,6744,460235845.28,462004813.83301365,,,
2017-08-18,17.11,17.29,16.89,17.01,37755.83,455130686,6744,455245401.44,461504116.61871636,,,
2017-08-21,16.9,17.35,16.86,17.13,35447.06,447578944,6744,447694468.72,460481179.73732996,,,
2017-08-22,17.14,17.18,16.85,16.9,24286.55,448208200,24144,448616233.6,459602294.8382685,,,
2017-08-23,16.9,17.06,16.8,16.89,17530.75,445338564,6744,445452470.16,458554159.6769153,,,
2017-08-24,16.89,17.15,16.83,16.89,16882.64,446637235,6744,446751141.16,457679862.0089956,,,
2017-08-25,16.88,17.15,16.82,16.99,21961.02,444379322,6744,444493902.56,456703124.272033,,,
2017-08-28,16.99,17.19,16.93,17.13,27709.58,441560440,44,441561193.72,455581499.78669727,,,
2017-08-29,17.1,17.27,17.04,17.06,25776.78,443772207,44,443772957.64,454706792.961016,,,
2017-08-30,17.25,18.66,17.25,17.83,102403.35,438928468,344,438934601.52,453538482.48390365,,,
2017-08-31,17.71,18.17,17.56,17.91,47208.28,438956262,1244,438978542.04,452459968.3769478,,,
2017-09-01,17.85,17.99,17.66,17.93,37588.66,438292789,344,438298956.92,451411004.56532204,,,
2017-09-04,17.98,18.18,17.87,18.02,32227.87,442171238,344,442177436.88,450727036.5886315,,,
2017-09-05,18.07,18.09,17.76,17.85,21064.65,443107367,344,443113507.4,450163071.46354765,,,
2017-09-06,17.81,17.84,17.52,17.76,22438.51,443534242,8844,443691311.44,449683681.83217376,,,
2017-09-07,17.77,17.79,17.6,17.64,17937.5,440402894,12344,440620642.16,449012345.5601609,,,
2017-09-08,17.65,17.76,17.53,17.64,16692.16,439055221,344,439061289.16,448275230.2712601,,,
2017-09-11,17.66,17.97,17.61,17.95,27635.79,435829535,344,435835709.8,447353784.310426,,,
2017-09-12,18.03,18.15,17.72,17.85,26075.01,434306254,17744,434622984.4,446410762.09483886,,,
2017-09-13,17.82,17.89,17.65,17.73,14709.14,436981543,344,436987642.12,445712753.20781374,,,
2017-09-14,17.77,17.8,17.61,17.68,16156.38,435518274,344,435524355.92,444958057.11242014,,,
2017-09-15,17.57,17.77,17.55,17.56,13661.1,436612138,344,436618178.64,444340288.3366853,,,
2017-09-18,17.64,17.84,17.55,17.77,15647.78,436413487,344,436419599.88,443753570.6732272,,,
2017-09-19,17.77,17.96,17.7,17.9,24700.32,442724907,9544,442895744.6,443690028.0011363,,,
2017-09-20,17.85,17.98,17.83,17.91,19420.37,438150093,344,438156254.04,443280118.81882995,,,
2017-09-21,17.88,17.95,17.72,17.73,19003.36,436189528,344,436195627.12,442755341.65595365,,,
2017-09-22,17.73,17.84,17.27,17.3,23243.0,436832144,17767,437139513.1,442339354.3555127,,,
2017-09-25,17.39,17.39,17.0,17.01,16518.19,433784194,367,433790436.67,441706101.1936229,,,
2017-09-26,17.0,17.06,16.61,16.8,23447.33,436077385,17767,436375870.6,441311269.297799,,,
2017-09-27,16.77,16.88,16.6,16.75,19270.47,439009207,9967,439176154.25,441153112.62759167,,,
2017-09-28,16.76,16.78,16.55,16.64,11040.0,436791388,9167,436943926.88,440841321.09073305,,,
2017-09-29,16.71,16.8,16.6,16.72,13431.74,431556472,3867,431621128.24,440158343.84253055,,,
2017-10-09,16.87,17.16,16.8,17.01,17052.19,433953561,14267,434196242.67,439716706.7186394,,,
2017-10-10,17.0,17.14,16.89,17.12,16271.84,436113042,367,436119325.04,439450234.00170314,,,
2017-10-11,17.12,17.27,17.01,17.22,16099.49,434316130,3467,434375831.74,439074352.3526881,,,
2017-10-12,17.18,17.42,17.02,17.25,21579.04,438428160,14467,438677715.75,439044971.8636001,,,
2017-10-13,17.28,17.28,17.08,17.23,11602.78,441352157,767,441365372.41,439216853.3855556,,,
2017-10-16,17.22,17.23,16.68,16.7,23304.67,438503263,15967,438769911.9,439183746.6088478,,,
2017-10-17,16.64,16.87,16.62,16.82,12643.28,433692466,367,433698638.94,438777442.33708125,,,
2017-10-18,16.83,16.89,16.4,16.49,16102.55,433005177,17767,433298154.83,438371569.18840855,,,
2017-10-19,16.55,16.62,16.32,16.57,18025.87,432212562,17767,432506961.19,437937153.78111905,,,
2017-10-20,17.04,17.95,17.0,17.67,120852.84,434144393,367,434150877.89,437656688.9002955,,,
2017-10-23,17.55,17.6,17.05,17.18,76255.62,432511901,367,432518206.06,437276060.54175514,,,
2017-10-24,17.0,17.1,16.6,16.74,42427.67,428940153,367,428946296.58,436659040.9890325,,,
2017-10-25,16.67,17.06,16.62,16.93,36381.15,431127961,367,431134174.31,436249791.6054005,,,
2017-10-26,16.87,16.98,16.72,16.94,27887.54,431978211,367,431984427.98,435933838.7442597,,,
2017-10-27,16.9,16.94,16.38,16.53,42504.29,424748484,367,424754550.51,435105743.31949973,,,
2017-10-30,16.54,16.54,16.15,16.27,28520.89,417948417,13267,418164271.09,433850819.4506479,,,
2017-10-31,16.17,17.15,16.17,16.99,59294.71,414760985,367,414767220.33,432437219.5157851,,,
2017-11-01,17.0,17.04,16.68,16.69,27606.0,415535751,367,415541876.23,431185712.6057269,,,
2017-11-02,16.68,16.74,16.23,16.49,26130.08,414463514,13267,414682286.83,429963236.6223397,,,
2017-11-03,16.43,16.46,16.18,16.3,15957.2,409407481,367,409413463.1,428441031.1762405,,,
2017-11-06,16.3,16.42,16.22,16.38,11112.93,410947714,300,410952628.0,427145593.90392643,,,
2017-11-07,16.4,16.47,16.25,16.33,31054.09,402335237,7100,402451180.0,425316378.05919117,,,
2017-11-08,16.25,16.45,16.18,16.29,22233.36,398001402,4500,398074707.0,423298476.49925107,,,
2017-11-09,16.32,16.32,16.16,16.24,18539.83,395650642,300,395655514.0,421250849.64745474,,,
2017-11-10,16.25,16.26,16.13,16.13,16604.5,392178983,300,392183822.0,419097736.488384,,,
2017-11-13,16.27,16.44,16.08,16.18,31072.47,394141058,7300,394259172.0,417257842.8225778,,,
2017-11-14,16.19,16.25,15.77,15.77,42933.92,393660792,300,393665523.0,415510263.5764609,,,
2017-11-15,15.78,16.35,15.77,16.11,42565.19,396864150,6700,396972087.0,414137065.31153786,,,
2017-11-16,16.11,16.11,15.67,15.69,34688.09,394370711,300,394375418.0,412673239.58475727,,,
2017-11-17,15.66,15.66,14.73,14.76,65155.01,391150243,7300,391257991.0,411086924.87477523,,,
2017-11-20,14.62,14.75,14.12,14.54,32064.13,393839144,300,393843506.0,409809634.58775485,,,
2017-11-21,14.5,14.59,14.36,14.38,19021.44,392757580,300,392761894.0,408546838.9886619,,,
2017-11-22,14.41,14.48,14.27,14.4,15611.66,395629506,7300,395734626.0,407597786.1746869,,,
2017-11-23,14.45,14.96,14.28,14.38,22994.16,393281396,300,393285710.0,406537632.38396937,,,
2017-11-24,14.38,14.58,14.17,14.46,11672.54,393010440,7300,393115998.0,405543437.24441606,,,
2017-11-27,14.32,14.49,14.31,14.34,9111.3,393964131,2100,393994245.0,404687941.52260745,,,
2017-11-28,14.35,14.53,14.33,14.45,9243.75,393353989,300,393358324.0,403848710.5950069,,,
2017-11-29,14.46,14.65,14.4,14.5,9926.75,394095414,7300,394201264.0,403134084.9213027,,,
2017-11-30,14.47,14.77,14.46,14.54,11915.21,394491472,300,394495834.0,402494214.48268765,,,
2017-12-01,14.49,14.58,14.33,14.5,8301.49,392336457,300,392340807.0,401742110.2247108,,,
2017-12-04,14.58,14.88,14.54,14.65,21545.76,391790661,7300,391897606.0,401012887.68954706,,,
2017-12-05,14.68,14.77,13.98,14.07,16570.38,389029247,4300,389089748.0,400129692.156988,,,
2017-12-06,14.07,14.17,13.58,13.9,31052.58,389532808,300,389536978.0,399345046.6638778,,,
2017-12-07,13.82,13.92,13.69,13.69,13069.45,389255696,300,389259803.0,398597991.5776646,,,
2017-12-08,13.78,13.94,13.64,13.9,13316.49,389625307,300,389629477.0,397933657.1645043,,,
2017-12-11,13.98,14.1,13.8,14.07,15192.45,386711387,7300,386814098.0,397109986.11528176,,,
2017-12-12,14.05,14.11,13.78,13.79,19507.69,383274361,7300,383375028.0,396092581.8104461,,,
2017-12-13,13.78,13.99,13.78,13.98,12894.02,382101837,300,382106031.0,395056541.0096723,,,
2017-12-14,13.99,14.07,13.76,13.83,12392.47,382678570,3300,382724209.0,394143034.93488175,,,
2017-12-15,13.82,13.87,13.71,13.84,9022.0,381628059,500,381634979.0,393216512.2730386,,,
2017-12-18,13.82,13.98,13.63,13.76,12343.47,382166263,7300,382266711.0,392405415.8824432,,,
2017-12-19,13.81,13.88,13.65,13.8,13416.14,379093786,7300,379194526.0,391426831.44670665,,,
2017-12-20,13.77,13.82,13.39,13.5,15963.39,377134618,7300,377233168.0,390375448.9691728,,,
2017-12-21,13.31,13.5,13.22,13.36,12978.13,378099438,5800,378176926.0,389471854.67515993,,,
2017-12-22,13.39,13.45,13.26,13.36,13229.0,374620375,7300,374717903.0,388378969.36588883,,,
2017-12-25,13.38,13.38,12.98,13.09,20009.01,369389370,7300,369484927.0,386979410.67211926,,,
2017-12-26,13.1,13.28,13.07,13.22,11010.0,367433999,2800,367471015.0,385534344.3260364,,,
2017-12-27,13.21,13.21,12.96,12.98,13955.1,367392915,7300,367487669.0,384197553.56114477,,,
2017-12-28,13.01,13.6,13.01,13.29,40144.27,360959977,7300,361056994.0,382483438.038097,,,
2017-12-29,13.16,13.32,13.03,13.18,29900.81,358181274,7300,358277488.0,380690404.70194167,,,
2018-01-02,13.24,13.35,13.13,13.29,18471.5,358696794,7300,358793811.0,379068434.79809415,,,
2018-01-03,13.24,13.47,13.2,13.41,19417.6,356978577,300,356982600.0,377432447.03527236,,,
2018-01-04,13.36,13.62,13.3,13.6,19937.69,356871084,300,356875164.0,375909685.3289559,,,
2018-01-05,13.5,13.55,13.38,13.39,24030.55,354661163,300,354665180.0,374336018.2675518,,,
2018-01-08,13.4,13.46,13.27,13.42,15408.0,354732641,7300,354830607.0,372891172.9884739,,,
2018-01-09,13.35,13.87,13.32,13.59,42300.75,355726576,7300,355825783.0,371627070.02636474,,,
2018-01-10,13.52,13.61,13.31,13.43,15775.78,355481117,7300,355579156.0,370438335.6540414,,,
2018-01-11,13.4,13.7,13.38,13.59,20443.92,355469732,7300,355568939.0,369336898.8648532,,,
2018-01-12,13.51,13.66,13.45,13.5,12407.0,355270361,7300,355368911.0,368302233.0970863,,,
2018-01-15,13.5,13.51,13.02,13.05,17202.23,355428902,7300,355524167.0,367355709.68248737,,,
2018-01-16,13.12,13.16,13.0,13.08,17807.07,349485696,7300,349581180.0,366039077.85415494,,,
2018-01-17,13.13,13.28,13.03,13.2,16548.34,350755751,300,350759711.0,364907272.90199536,,,
2018-01-18,13.23,13.23,13.1,13.15,12647.98,351922369,300,351926314.0,363945720.39073646,,,
2018-01-19,13.13,13.44,13.06,13.4,23472.07,351483638,7300,351581458.0,363029849.10253376,,,
2018-01-22,13.32,13.44,13.27,13.36,21309.94,348986092,300,348990100.0,361989867.68753123,,,
2018-01-23,13.37,13.46,13.31,13.46,17912.47,344961678,1100,344976484.0,360729617.0440104,,,
2018-01-24,13.42,13.57,13.33,13.53,21863.0,343283932,300,343287991.0,359437644.7444541,,,
2018-01-25,13.95,14.47,13.87,13.88,78948.67,344773721,300,344777885.0,358351736.61523527,,,
2018-01-26,13.6,13.85,13.56,13.72,29712.11,340519908,7300,340620064.0,357038279.38447714,,,
2018-01-29,13.63,13.68,13.31,13.33,24105.26,340443527,300,340447526.0,355809334.6893307,,,
2018-01-30,13.29,13.65,13.29,13.43,18565.88,341897147,7300,341995186.0,354786064.4160469,,,
2018-01-31,13.41,13.41,12.96,13.09,23738.43,341387688,5700,341462301.0,353799118.97782123,,,
2018-02-01,13.14,13.14,12.44,12.47,29410.16,340050562,5700,340121641.0,352785972.46094555,,,
2018-02-02,12.4,12.5,12.0,12.18,18153.97,339587348,800,339597092.0,351809018.35272735,,,
2018-02-05,12.05,12.3,11.96,12.14,14301.25,337982916,3000,338019336.0,350787560.40067345,,,
2018-02-06,11.97,12.04,11.56,11.58,23793.64,335435422,4600,335488690.0,349654310.7413643,,,
2018-02-07,11.68,11.88,11.31,11.53,16499.51,332160133,3000,332194723.0,348361007.9457077,,,
2018-02-08,11.47,11.76,11.47,11.68,10564.09,331255637,4600,331309365.0,347097923.2830627,,,
2018-02-09,11.55,11.59,11.02,11.16,20772.19,330205695,300,330209043.0,345846895.1139469,,,
2018-02-12,11.16,11.4,11.16,11.35,13187.39,328620545,300,328623950.0,344571121.4018027,,,
2018-02-13,11.4,11.45,11.29,11.37,9392.66,327999810,7300,328082811.0,343349765.07574326,,,
2018-02-14,11.35,11.38,11.3,11.33,6963.0,326408171,300,326411570.0,342095083.9590215,,,
2018-02-22,11.33,11.56,11.33,11.53,8187.39,325645318,1300,325660307.0,340877693.07316804,,,
2018-02-23,11.64,11.88,11.59,11.73,18522.33,326311642,6300,326385541.0,339804200.3270074,,,
2018-02-26,11.72,11.98,11.68,11.89,18158.0,323049506,5600,323116090.0,338568044.0064884,,,
2018-02-27,11.9,11.97,11.83,11.92,15355.3,323641893,0,323641893.0,337462403.1911929,,,
2018-02-28,11.91,12.0,11.8,11.93,11415.08,322488669,0,322488669.0,336353237.695549,,,
2018-03-01,11.84,12.14,11.8,12.12,16857.01,319905576,0,319905576.0,335134892.3847676,,,
2018-03-02,12.01,12.3,11.96,12.25,17209.86,321709181,0,321709181.0,334140395.2451552,,,
2018-03-05,12.2,12.3,12.06,12.18,12275.72,322205913,2600,322237581.0,333258705.3010696,,,
2018-03-06,12.18,12.49,12.17,12.42,18654.18,322609898,6500,322690628.0,332475884.7602497,,,
2018-03-07,12.39,12.74,12.32,12.43,22070.0,320461966,500,320468181.0,331586425.22245336,,,
2018-03-08,12.34,12.46,12.34,12.42,12175.59,319935351,7000,320022291.0,330729822.6874568,,,
2018-03-09,12.45,13.03,12.35,12.82,31905.7,325217096,0,325217096.0,330321472.56246,,,
2018-03-12,12.82,12.98,12.77,12.83,20579.51,325397120,7000,325486930.0,329963358.2985741,,,
2018-03-13,12.85,12.85,12.72,12.75,15699.45,322625698,0,322625698.0,329419827.9060871,,,
2018-03-14,12.74,12.76,12.43,12.6,16846.18,323889251,7000,323977451.0,329016688.8760066,,,
2018-03-15,12.54,12.62,12.35,12.42,13679.26,323465046,7000,323551986.0,328611896.0703765,,,
2018-03-16,12.43,12.6,12.41,12.46,12575.15,322584059,7000,322671279.0,328171850.36145973,,,
2018-03-19,12.45,12.65,12.35,12.57,13530.85,319241027,500,319247312.0,327510773.4457961,,,
2018-03-20,12.5,13.44,12.41,12.87,42161.29,313342838,300,313346699.0,326461582.74610746,,,
2018-03-21,12.73,13.43,12.71,13.1,59079.11,315912131,7300,316007761.0,325687225.57972914,,,
2018-03-22,13.05,13.46,13.02,13.39,44379.06,320707855,3100,320749364.0,325321458.05530477,,,
2018-03-23,12.9,12.98,12.13,12.25,49982.42,322730745,3900,322778520.0,325133092.2734303,,,
2018-03-26,12.03,13.09,11.94,13.08,52134.21,316196317,3100,316236865.0,324474112.4753985,,,
2018-03-27,13.6,13.88,13.35,13.49,63167.64,313497170,3900,313549781.0,323664902.73648006,,,
2018-03-28,13.09,13.59,13.08,13.26,29485.72,312962526,0,312962526.0,322872134.0893334,,,
2018-03-29,13.21,13.51,13.21,13.49,27563.98,316650834,7000,316745264.0,322418291.8604939,,,
2018-03-30,13.45,13.57,13.36,13.43,21914.54,314326916,0,314326916.0,321818930.68564254,,,
2018-04-02,13.43,13.43,12.66,13.19,32723.1,312544824,7000,312637154.0,321138799.0792987,,,
2018-04-03,13.01,13.14,12.92,13.04,19971.22,311792633,0,311792633.0,320446490.48083216,,,
2018-04-04,12.94,13.25,12.94,13.06,17533.75,309368348,7000,309459768.0,319632659.18595576,,,
2018-04-09,12.88,13.35,12.86,13.26,20999.03,308543049,4000,308596089.0,318815135.4684776,,,
2018-04-10,13.28,13.93,13.08,13.88,64692.76,309262259,3000,309303899.0,318110599.43377554,,,
2018-04-11,13.9,14.64,13.89,14.06,106506.82,316963101,4000,317019341.0,318029765.4757181,,,
2018-04-12,13.88,14.08,13.65,13.72,42777.13,321317357,3000,321358517.0,318276339.6627019,,,
2018-04-13,13.88,14.61,13.7,13.93,54736.35,321023062,1400,321042564.0,318481245.1691684,,,
2018-04-16,13.71,13.94,13.57,13.62,34990.91,318801297,0,318801297.0,318504952.71219295,,,
2018-04-17,13.59,14.45,13.58,14.2,87556.45,326308873,27400,326697953.0,319111841.62240094,,,
2018-04-18,14.2,14.48,13.91,14.45,72788.97,324755770,300,324760105.0,319530231.50222313,,,
2018-04-19,14.31,14.55,14.14,14.54,53325.48,319567602,7300,319673744.0,319540862.057614,,,
2018-04-20,14.5,14.5,13.98,14.02,43587.37,315920673,0,315920673.0,319272699.90519816,,,
2018-04-23,14.0,14.24,13.48,13.74,34611.31,317869079,7000,317965259.0,319175852.4307391,,,
2018-04-24,13.84,14.34,13.69,14.29,37444.8,314316676,0,314316676.0,318815913.4358696,,,
2018-04-25,14.19,14.3,14.01,14.1,26399.21,315428998,7000,315527698.0,318572341.9221015,,,
2018-04-26,14.05,14.27,13.79,13.87,27491.17,315830120,0,315830120.0,318369214.37231624,,,
2018-04-27,13.85,14.01,13.7,13.9,19063.15,313644075,0,313644075.0,318019204.048441,,,
2018-05-02,13.77,14.0,13.63,13.82,26325.37,311511997,0,311511997.0,317537188.7115195,,,
2018-05-03,13.82,13.92,13.62,13.88,24563.07,310869548,7000,310966708.0,317050486.4365921,,,
2018-05-04,13.85,13.99,13.74,13.76,20673.25,310073891,0,310073891.0,316533701.5894371,,,
2018-05-07,13.77,14.23,13.76,14.14,33248.46,310707526,7000,310806506.0,316109464.8791085,,,
2018-05-08,14.09,14.33,14.09,14.2,28839.91,307222864,0,307222864.0,315451198.1473227,,,
2018-05-09,14.18,14.25,14.09,14.19,18585.34,304979162,7000,305078492.0,314682849.54381734,,,
2018-05-10,14.15,14.3,14.15,14.27,22641.46,309945025,7000,310044915.0,314339298.83686787,,,
2018-05-11,14.27,14.36,14.16,14.2,24662.14,308226295,7000,308325695.0,313893846.7008036,,,
2018-05-14,14.23,14.34,13.93,14.0,21277.25,306581921,5000,306651921.0,313357407.7600033,,,
2018-05-15,13.92,14.19,13.92,14.16,19177.91,301715292,0,301715292.0,312495028.8148179,,,
2018-05-16,14.16,14.21,14.03,14.08,14661.45,300015886,0,300015886.0,311570647.8655721,,,
2018-05-17,14.02,14.11,13.68,13.74,29412.07,296184047,7000,296280227.0,310438024.0977519,,,
2018-05-18,13.72,14.07,13.72,14.02,22785.0,294077234,7000,294175374.0,309233383.3497703,,,
2018-05-21,14.3,15.43,14.19,15.1,114190.62,311056087,7300,311166317.0,309376563.6201577,,,
2018-05-22,15.0,15.63,14.95,15.36,103572.05,308399826,9700,308548818.0,309315249.12977564,,,
2018-05-23,15.36,15.77,15.35,15.45,86594.55,313918642,3900,313978897.0,309660704.52757007,,,
2018-05-24,15.61,15.77,15.24,15.49,53924.57,319978147,6800,320083479.0,310432761.8958982,,,
2018-05-25,15.44,15.65,15.09,15.45,66295.44,329800049,6500,329900474.0,311874814.6443502,,,
2018-05-28,15.39,15.39,14.96,15.19,48508.9,344707144,3700,344763347.0,314311002.2262502,,,
2018-05-29,15.06,15.49,15.05,15.48,42611.19,345004810,10700,345170446.0,316596886.9502316,,,
2018-05-30,15.18,15.37,14.7,14.81,59383.78,343238315,3600,343291631.0,318574275.39836264,,,
2018-05-31,15.0,15.24,14.82,15.09,41918.54,339657863,3900,339716714.0,320140381.9614469,,,
2018-06-01,14.94,15.47,14.94,15.06,44773.01,335917505,3600,335971721.0,321313073.7420804,,,
2018-06-04,15.06,16.08,14.98,16.03,112048.81,332483343,3600,332541051.0,322144775.7611855,,,
2018-06-05,15.89,16.0,15.56,15.8,82211.29,335687849,3600,335744729.0,323152179.70480144,,,
2018-06-06,15.7,16.22,15.7,15.85,81478.0,329877406,3600,329934466.0,323654571.2822236,,,
2018-06-07,15.93,15.93,15.68,15.84,44148.14,333892080,3900,333953856.0,324417481.26131815,,,
2018-06-08,15.8,16.17,15.7,15.92,51260.24,346217330,8900,346359018.0,326042780.27899826,,,
2018-06-11,16.0,16.09,15.4,15.54,51366.61,347858141,8900,347996447.0,327668977.8138873,,,
2018-06-12,15.45,15.79,15.43,15.56,34790.0,338403358,15900,338650762.0,328482443.3091549,,,
2018-06-13,15.51,16.14,15.47,15.85,58062.65,336221041,50900,337027806.0,329115433.13810647,,,
2018-06-14,15.81,16.34,15.56,15.65,76001.02,344300910,3900,344361945.0,330244804.3871356,,,
2018-06-15,15.44,15.49,14.72,14.83,83361.87,346360612,23900,346715049.0,331464822.50660706,,,
2018-06-19,14.4,14.83,13.36,13.6,82164.94,338855769,23600,339176729.0,332036074.83945096,,,
2018-06-20,13.46,13.74,13.13,13.55,40640.87,334037180,30600,334451810.0,332215018.1846768,,,
2018-06-21,13.59,13.64,12.51,12.59,44815.94,336443978,45000,337010528.0,332570241.13396,,,
2018-06-22,12.54,13.04,12.42,12.93,26243.29,338069787,45400,338656809.0,333021098.01292586,,,
2018-06-25,13.09,13.58,12.91,13.25,34542.28,337125899,61900,337946074.0,333385911.04900545,,,
2018-06-26,13.06,13.45,12.93,13.4,21776.56,339310559,34600,339774199.0,333859117.5638939,,,
2018-06-27,13.4,13.63,13.18,13.31,24532.24,332428741,39200,332950493.0,333791812.0406425,,,
2018-06-28,13.25,13.42,13.04,13.14,14096.01,332311150,37000,332797330.0,333718146.7042987,,,
2018-06-29,13.16,13.6,13.15,13.57,24360.03,330839981,34600,331309503.0,333539728.65212846,,,
2018-07-02,13.59,14.08,13.44,13.64,33283.59,331899604,38400,332423380.0,333457036.1593782,,,
2018-07-03,13.57,14.02,13.57,13.94,27251.0,335015952,14900,335223658.0,333587897.0364613,,,
2018-07-04,13.84,14.0,13.47,13.56,23149.34,332798008,17198,333031212.88,333546661.1730197,,,
2018-07-05,13.65,14.3,13.42,13.82,35664.0,336997966,16098,337220440.36,333818792.9646478,,,
2018-07-06,14.0,14.08,13.49,13.85,32661.0,336818540,20098,337096897.3,334061615.5080073,,,
2018-07-09,13.85,14.2,13.8,14.16,30705.0,338168203,16398,338400398.68,334383006.85408086,,,
2018-07-10,15.09,15.09,14.16,14.35,63077.28,337044516,15698,337269782.3,334596842.07229704,,,
2018-07-11,14.06,14.7,14.05,14.33,50626.55,337063290,17498,337314036.34,334798115.72175646,,,
2018-07-12,14.25,14.66,14.25,14.57,46144.02,337785601,14898,338002664.86,335035489.73199666,,,
2018-07-13,14.58,14.76,14.39,14.51,35698.47,333969393,14898,334185562.98,334972532.1948117,,,
2018-07-16,14.6,14.69,14.48,14.61,17211.5,334849319,21898,335169248.78,334987103.7937145,,,
2018-07-17,14.6,14.93,14.57,14.79,25210.35,334438159,20398,334739845.42,334968788.3586246,,,
2018-07-18,14.85,14.91,14.65,14.65,19711.01,330678872,18398,330948402.7,334670982.0135413,,,
2018-07-19,14.66,14.77,14.41,14.52,26170.78,331352582,23898,331699580.96,334450878.23179746,,,
2018-07-20,14.43,14.68,14.31,14.6,25303.75,333689785,14998,333908755.8,334410721.0146272,,,
2018-07-23,14.63,15.1,14.56,15.01,47824.3,342861135,13498,343063739.98,335051685.3824326,,,
2018-07-24,15.08,15.36,14.97,15.13,38652.0,341064951,23298,341417449.74,335523223.4829932,,,
2018-07-25,15.06,15.39,15.06,15.19,28928.4,345191394,15398,345425289.62,336256709.8635123,,,
2018-07-26,15.18,15.42,15.06,15.18,32723.9,343981760,15298,344213983.64,336846137.55065954,,,
2018-07-27,15.37,15.46,15.21,15.41,42724.82,343537347,17498,343806991.18,337361756.33801806,,,
2018-07-30,15.7,15.94,15.36,15.47,100240.01,343225125,16898,343486537.06,337815443.7989056,,,
2018-07-31,15.28,15.45,14.84,14.85,54280.86,341695200,12198,341876340.3,338116250.9471348,,,
2018-08-01,16.08,16.36,15.0,15.07,103138.95,337691919,19498,337985753.86,338106584.4962359,,,
2018-08-02,14.63,15.36,14.58,14.75,87212.77,327629533,12498,327813878.5,337344161.8298481,,,
2018-08-03,14.84,16.2,14.62,15.59,180378.97,331576977,19498,331880950.82,336939479.5328223,,,
2018-08-06,15.0,15.3,14.38,14.47,129640.4,335201902,14898,335417476.06,336826738.53483546,,,
2018-08-07,14.55,15.07,14.46,14.85,62536.47,338208688,14898,338429923.3,336945492.9618847,,,
2018-08-08,14.82,15.22,14.6,14.65,56826.67,336816484,50698,337559209.7,336990953.4610043,,,
2018-08-09,14.46,15.04,14.46,14.93,53101.67,331304454,15400,331534376.0,336586762.53796697,,,
2018-08-10,14.88,15.44,14.85,15.26,54954.24,326013219,50600,326785375.0,335860733.8314509,,,
2018-08-13,15.0,15.5,15.0,15.49,42511.65,329924937,15500,330165032.0,335438829.99208415,,,
2018-08-14,15.4,15.72,15.25,15.45,42009.0,332547874,20700,332867689.0,335248375.10378164,,,
2018-08-15,15.5,15.68,15.14,15.28,37812.04,331920735,45700,332619031.0,335053608.87387186,,,
2018-08-16,15.01,15.25,14.85,14.9,37471.98,330216047,20800,330525967.0,334718227.9943259,,,
2018-08-17,15.1,15.19,13.99,14.01,48066.29,332765064,15400,332980818.0,334589530.95770913,,,
2018-08-20,14.17,14.3,13.43,13.87,44067.4,333698742,20800,333987238.0,334544916.6645455,,,
2018-08-21,13.81,13.95,13.6,13.88,32165.16,330438718,15400,330652470.0,334256587.28198653,,,
2018-08-22,13.91,13.94,13.47,13.5,30543.02,329501584,15400,329709484.0,333919764.8166542,,,
2018-08-23,13.49,13.81,13.18,13.7,25210.02,334613729,49000,335285029.0,334020895.49690205,,,
2018-08-24,13.75,14.08,13.72,13.82,29398.05,332428374,17500,332670224.0,333920845.75639075,,,
2018-08-27,13.99,14.04,13.86,14.01,24558.55,335281390,15300,335495743.0,334037504.81147295,,,
2018-08-28,14.14,14.38,14.0,14.15,33379.47,333445843,48406,334130787.9,334044414.66988236,,,
2018-08-29,14.19,14.19,13.84,13.91,20367.0,333509801,47106,334165045.46,334053350.2839652,,,
2018-08-30,13.92,14.27,13.92,14.04,25934.36,328321768,51006,329037892.24,333681834.8733011,,,
2018-08-31,14.11,14.29,13.93,14.08,30359.93,330785241,44506,331411885.48,333513690.47379726,,,
2018-09-03,14.05,14.25,13.95,14.19,24025.92,330292343,45706,330940911.14,333323114.2268493,,,
2018-09-04,14.2,14.55,14.14,14.46,46944.94,335921550,14506,336131306.76,333531128.4885642,,,
2018-09-05,14.46,14.48,14.19,14.43,34378.96,333886559,16206,334120411.58,333574779.08792984,,,
2018-09-06,14.36,14.95,14.28,14.7,57621.0,329268695,39806,329853843.2,333299154.20734245,,,
2018-09-07,14.65,14.98,14.63,14.69,37166.61,330621023,16206,330859089.14,333118408.6467986,,,
2018-09-10,14.72,14.82,14.37,14.6,28064.8,325085253,20106,325378800.6,332545104.3470358,,,
2018-09-11,14.59,14.7,14.3,14.65,25817.58,326189590,16006,326424077.9,332091694.9805887,,,
2018-09-12,14.57,14.8,14.55,14.7,19493.88,325086197,20606,325389105.2,331595206.8486932,,,
2018-09-13,14.9,14.9,14.66,14.8,29653.85,328994570,45706,329671018.8,331452674.40064186,,,
2018-09-14,14.81,14.91,14.42,14.71,25233.15,327723603,51506,328481256.26,331232569.3531869,,,
